Experiment,Learning Rate,Max Depth,Scale Pos Weight,Precision Non-Firearm,Recall Non-Firearm,F1 Non-Firearm,Precision Firearm,Recall Firearm,F1 Firearm,Accuracy
One-Hot_Encoding_Without SMOTE_LR0.3_MD3_SPW1,0.3,3,1.0,0.6870517176292941,0.1801088570014844,0.2854006586169045,0.7046766949454624,0.9597533741139916,0.8126695716517307,0.7031560433833828
One-Hot_Encoding_Without SMOTE_LR0.3_MD3_SPW0.4905717170932536,0.3,3,0.4905717170932536,0.4616897419760856,0.580801583374567,0.5144409869833896,0.7645489411372353,0.6677832799300903,0.7128974578247688,0.6391557828225255
One-Hot_Encoding_Without SMOTE_LR0.3_MD5_SPW1,0.3,5,1.0,0.6566246541653858,0.21138050470064323,0.31980835454409345,0.7096903460837887,0.9457714341198175,0.8108974358974359,0.704068006383741
One-Hot_Encoding_Without SMOTE_LR0.3_MD5_SPW0.4905717170932536,0.3,5,0.4905717170932536,0.46205760025111825,0.5826818406729342,0.5154061624649859,0.7652004454342984,0.6672006990969997,0.7128481767726542,0.639383773572615
One-Hot_Encoding_Without SMOTE_LR0.3_MD6_SPW1,0.3,6,1.0,0.6431870669745958,0.22048490846115784,0.3283956076350505,0.7108190462204926,0.9399941741916691,0.8094989234274724,0.7031886134905384
One-Hot_Encoding_Without SMOTE_LR0.3_MD6_SPW0.4905717170932536,0.3,6,0.4905717170932536,0.4628217349857007,0.5765462642256308,0.5134623011501344,0.7637869169196798,0.6717157005534518,0.7147986464495131,0.6403934468944403
One-Hot_Encoding_Without SMOTE_LR0.1_MD3_SPW1,0.1,3,1.0,0.7187326292384658,0.12795645719940624,0.21723790322580644,0.6951287019097703,0.97543450820468,0.8117651812047998,0.6965117415236296
One-Hot_Encoding_Without SMOTE_LR0.1_MD3_SPW0.4905717170932536,0.1,3,0.4905717170932536,0.44559585492227977,0.5872340425531914,0.5067030996499018,0.7600943287702749,0.6415671424410136,0.6958192923336142,0.6236849819235906
One-Hot_Encoding_Without SMOTE_LR0.1_MD5_SPW1,0.1,5,1.0,0.6914563966356795,0.1545769421078674,0.2526690391459075,0.6996554633666151,0.9661617632779882,0.8115900656580074,0.6990522098817705
One-Hot_Encoding_Without SMOTE_LR0.1_MD5_SPW0.4905717170932536,0.1,5,0.4905717170932536,0.4521620183904552,0.5888174171202375,0.5115199449793673,0.7631668946648427,0.6500145645208273,0.7020607204656284,0.6298733022831645
One-Hot_Encoding_Without SMOTE_LR0.1_MD6_SPW1,0.1,6,1.0,0.6875264270613107,0.16091044037605146,0.2607858861267041,0.7007904580422049,0.9641227303621711,0.811631518718326,0.6997687522391949
One-Hot_Encoding_Without SMOTE_LR0.1_MD6_SPW0.4905717170932536,0.1,6,0.4905717170932536,0.4528101802757158,0.591588322612568,0.5129789333676578,0.7641849037197874,0.649286338479464,0.7020656710149873,0.630296713676188
One-Hot_Encoding_Without SMOTE_LR0.01_MD3_SPW1,0.01,3,1.0,0.896358543417367,0.03166749134092034,0.061173771745364175,0.677552230936532,0.9982037090979706,0.8072000628140703,0.6800964075171807
One-Hot_Encoding_Without SMOTE_LR0.01_MD3_SPW0.4905717170932536,0.01,3,0.4905717170932536,0.42509809417040356,0.6003958436417615,0.497764286007302,0.7542450246485303,0.6016603553743082,0.6693672526938346,0.601244178093346
One-Hot_Encoding_Without SMOTE_LR0.01_MD5_SPW1,0.01,5,1.0,0.8628230616302187,0.042949035131123206,0.08182503770739065,0.6797682119205298,0.9966501602097291,0.8082601677231387,0.6827671563039442
One-Hot_Encoding_Without SMOTE_LR0.01_MD5_SPW0.4905717170932536,0.01,5,0.4905717170932536,0.42545855744035305,0.6105888174171202,0.5014833177551103,0.7571137584099747,0.5954947082240994,0.6666485502323433,0.6004624955216102
One-Hot_Encoding_Without SMOTE_LR0.01_MD6_SPW1,0.01,6,1.0,0.8349358974358975,0.05155863433943592,0.09711995526144096,0.6813723860500681,0.9949995145159725,0.808848195433826,0.6844933719831938
One-Hot_Encoding_Without SMOTE_LR0.01_MD6_SPW0.4905717170932536,0.01,6,0.4905717170932536,0.4274187890268715,0.602869866402771,0.5002052713687495,0.756048632218845,0.6037964850956403,0.6713992658173181,0.6034915154870859
One-Hot_Encoding_With SMOTE_LR0.3_MD3_SPW1,0.3,3,1.0,0.5036437246963563,0.43087580405739734,0.46442666666666665,0.7392782663886118,0.791678803767356,0.7645817704426107,0.6729309839429372
One-Hot_Encoding_With SMOTE_LR0.3_MD3_SPW0.4905717170932536,0.3,3,0.4905717170932536,0.3780765525094158,0.8543295398317664,0.5241810619630226,0.8129368407675689,0.3105641324400427,0.4494326764323603,0.48952871054945774
One-Hot_Encoding_With SMOTE_LR0.3_MD5_SPW1,0.3,5,1.0,0.5115355991069214,0.40811479465611084,0.4540100181648043,0.7358332229141822,0.808816389940771,0.770600615185365,0.6769371071230824
One-Hot_Encoding_With SMOTE_LR0.3_MD5_SPW0.4905717170932536,0.3,5,0.4905717170932536,0.38805342798430786,0.8222662048490846,0.5272709966050069,0.8066946507372726,0.36387027866783184,0.501522299173609,0.5147379734879328
One-Hot_Encoding_With SMOTE_LR0.3_MD6_SPW1,0.3,6,1.0,0.5113536570066491,0.4033646709549728,0.45098473113520693,0.7347791659334858,0.8109039712593455,0.7709669974613432,0.6767742565873042
One-Hot_Encoding_With SMOTE_LR0.3_MD6_SPW0.4905717170932536,0.3,6,0.4905717170932536,0.3884967072535178,0.8114794656110836,0.525438933743432,0.8014797832430179,0.3733857656083115,0.5094389613830562,0.5175715728104745
One-Hot_Encoding_With SMOTE_LR0.1_MD3_SPW1,0.1,3,1.0,0.4639283331744973,0.4817417120237506,0.47266724924749975,0.7408708560118753,0.7269152344887854,0.733826700646932,0.646223496075302
One-Hot_Encoding_With SMOTE_LR0.1_MD3_SPW0.4905717170932536,0.1,3,0.4905717170932536,0.35922790918439995,0.8987629886194953,0.5132958431062254,0.811289429994466,0.21351587532770172,0.3380606479880088,0.43904504445819625
One-Hot_Encoding_With SMOTE_LR0.1_MD5_SPW1,0.1,5,1.0,0.4853239406553528,0.4499752597723899,0.4669816165143268,0.7394768913471454,0.7658996019030974,0.7524563579128112,0.6619222877243266
One-Hot_Encoding_With SMOTE_LR0.1_MD5_SPW0.4905717170932536,0.1,5,0.4905717170932536,0.3759000607269888,0.8575952498762989,0.5226936879881782,0.8118708327885998,0.301485581124381,0.43969271073034305,0.4845129140474872
One-Hot_Encoding_With SMOTE_LR0.1_MD6_SPW1,0.1,6,1.0,0.4897847700207582,0.4436417615042058,0.4655727489874338,0.7391183294663574,0.7732789591222449,0.7558128499572934,0.664788457154024
One-Hot_Encoding_With SMOTE_LR0.1_MD6_SPW0.4905717170932536,0.1,6,0.4905717170932536,0.37674073427336624,0.8540326571004453,0.522840179328729,0.8108004104669061,0.30687445383046896,0.4452349087835458,0.4869556720841612
One-Hot_Encoding_With SMOTE_LR0.01_MD3_SPW1,0.01,3,1.0,0.4300166087875585,0.563681345868382,0.48785919232581043,0.7474365584006416,0.633459559180503,0.6857443174352911,0.6104940885255512
One-Hot_Encoding_With SMOTE_LR0.01_MD3_SPW0.4905717170932536,0.01,3,0.4905717170932536,0.3291209328078689,1.0,0.4952460301901588,0.0,0.0,0.0,0.3291209328078689
One-Hot_Encoding_With SMOTE_LR0.01_MD5_SPW1,0.01,5,1.0,0.44519774011299434,0.5068777832756062,0.47403979639055993,0.740441712678404,0.690115545198563,0.7143934063724997,0.6298081620688533
One-Hot_Encoding_With SMOTE_LR0.01_MD5_SPW0.4905717170932536,0.01,5,0.4905717170932536,0.3315671690910288,0.9970311726867888,0.49764145118668346,0.9053627760252366,0.013933391591416643,0.027444417881902942,0.33749145034687167
One-Hot_Encoding_With SMOTE_LR0.01_MD6_SPW1,0.01,6,1.0,0.44146603789195005,0.5280554181098466,0.4808940158615717,0.743822518263859,0.6722497329837849,0.7062273677768144,0.6247923655668827
One-Hot_Encoding_With SMOTE_LR0.01_MD6_SPW0.4905717170932536,0.01,6,0.4905717170932536,0.3347734351451824,0.989213260761999,0.5002502252026824,0.8708530805687204,0.03568307602679872,0.06855703758977708,0.34950981988730745
